{
  "images": [
    {
      "filename": "Monkey.png",
      "scale": "1x",
      "idiom": "universal"
    },
    {
      "filename": "Monkey@2x.png",
      "scale": "2x",
      "idiom": "universal"
    },
    {
      "filename": "Monkey@3x.png",
      "scale": "3x",
      "idiom": "universal"
    },
    {
      "scale": "1x",
      "idiom": "iphone"
    },
    {
      "scale": "2x",
      "idiom": "iphone"
    },
    {
      "subtype": "retina4",
      "scale": "2x",
      "idiom": "iphone"
    },
    {
      "scale": "3x",
      "idiom": "iphone"
    },
    {
      "scale": "1x",
      "idiom": "ipad"
    },
    {
      "scale": "2x",
      "idiom": "ipad"
    }
  ],
  "info": {
    "version": 1,
    "author": "xcode"
  }
}