﻿<?xml version="1.0" encoding="utf-8"?>
<component format="1" id="sqlite-net">
  <name>SQLite.NET</name>
  <publisher>Krueger Systems, Inc.</publisher>
  <publisher-url>https://github.com/praeclarum/sqlite-net</publisher-url>
  <version>1.0.8</version>
  <summary>Simple, powerful, cross-platform SQLite client and ORM</summary>
  <samples>
    <sample id="SQLite.Android.Sample">
      <name>Android Sample</name>
      <summary>Android Sample</summary>
    </sample>
    <sample id="SQLite.iOS.Sample">
      <name>iOS Sample</name>
      <summary>iOS Sample</summary>
    </sample>
  </samples>
</component>