<?xml version="1.0" encoding="utf-8" ?>
<SampleMetadata>
	<ID>c214d4f5-fcf1-423e-a6b8-80376179cb78</ID>
	<IsFullApplication>false</IsFullApplication>
	<Level>Beginner</Level>
	<Tags>Navigation, Xamarin.Forms</Tags>
	<SupportedPlatforms>iOS, Android, Windows</SupportedPlatforms>
	<LicenseRequirement>Indie</LicenseRequirement>
	<Gallery>true</Gallery>
	<Brief>This sample demonstrates how embed a NavigationPage in a TabbedPage, in order to perform page navigation within a tab. The TabbedPage is constructed by populating it with a collection of child Page objects.</Brief>
</SampleMetadata>
