{
  "images": [
    {
      "filename": "Icon-Small.png",
      "size": "29x29",
      "scale": "1x",
      "idiom": "iphone"
    },
    {
      "filename": "Icon-Small@2x.png",
      "size": "29x29",
      "scale": "2x",
      "idiom": "iphone"
    },
    {
      "filename": "Icon-87@3x.png",
      "size": "29x29",
      "scale": "3x",
      "idiom": "iphone"
    },
    {
      "filename": "Icon-Spotlight-40@2x.png",
      "size": "40x40",
      "scale": "2x",
      "idiom": "iphone"
    },
    {
      "filename": "Icon-120@3x.png",
      "size": "40x40",
      "scale": "3x",
      "idiom": "iphone"
    },
    {
      "filename": "Icon.png",
      "size": "57x57",
      "scale": "1x",
      "idiom": "iphone"
    },
    {
      "filename": "Icon@2x.png",
      "size": "57x57",
      "scale": "2x",
      "idiom": "iphone"
    },
    {
      "filename": "Icon-60@2x.png",
      "size": "60x60",
      "scale": "2x",
      "idiom": "iphone"
    },
    {
      "filename": "Icon-180@3x.png",
      "size": "60x60",
      "scale": "3x",
      "idiom": "iphone"
    },
    {
      "filename": "Icon-Small.png",
      "size": "29x29",
      "scale": "1x",
      "idiom": "ipad"
    },
    {
      "filename": "Icon-Small@2x.png",
      "size": "29x29",
      "scale": "2x",
      "idiom": "ipad"
    },
    {
      "filename": "Icon-Spotlight-40.png",
      "size": "40x40",
      "scale": "1x",
      "idiom": "ipad"
    },
    {
      "filename": "Icon-Spotlight-40@2x.png",
      "size": "40x40",
      "scale": "2x",
      "idiom": "ipad"
    },
    {
      "filename": "Icon-Small-50.png",
      "size": "50x50",
      "scale": "1x",
      "idiom": "ipad"
    },
    {
      "filename": "Icon-Small-50@2x.png",
      "size": "50x50",
      "scale": "2x",
      "idiom": "ipad"
    },
    {
      "filename": "Icon-72.png",
      "size": "72x72",
      "scale": "1x",
      "idiom": "ipad"
    },
    {
      "filename": "Icon-72@2x.png",
      "size": "72x72",
      "scale": "2x",
      "idiom": "ipad"
    },
    {
      "filename": "Icon-76.png",
      "size": "76x76",
      "scale": "1x",
      "idiom": "ipad"
    },
    {
      "filename": "Icon-76@2x.png",
      "size": "76x76",
      "scale": "2x",
      "idiom": "ipad"
    },
    {
      "filename": "Icon-60@2x.png",
      "size": "120x120",
      "scale": "1x",
      "idiom": "car"
    }
  ],
  "info": {
    "version": 1,
    "author": "xcode"
  },
  "properties": {
    "pre-rendered": true
  }
}